y1,y2,b10,b11,l2,l3,l4,l5,l6,l7,l8,l9,l10,l11,l12,g3,g4,g5,g6,g7,g8,ib8,ib9,ib10
345.75,1383,19.75,19.5,1249123.7170,1151992.6980,1139779.6102,1151992.6980,1125163.5753,1164873.9831,1181451.5766,1197998.4192,1151992.6980,1139779.6100,1125163.5750,1711.9258,1829.3605,1867.2535,1843.9622,1775.6550,1803.3098,28045.0000,26042.0000,25051.0000
367,1468,19.75,19.75,1222452.9540,1249123.7170,1151992.6980,1139779.6102,1151992.6980,1125163.5753,1164873.9831,1181451.5766,1197998.4192,1151992.6980,1139779.6100,1661.1478,1711.9258,1829.3605,1867.2535,1843.9622,1775.6550,31584.0000,28045.0000,26042.0000
370,1480,19.75,19.75,1208518.0990,1222452.9540,1249123.7170,1151992.6980,1139779.6102,1151992.6980,1125163.5753,1164873.9831,1181451.5766,1197998.4192,1151992.6980,1828.1118,1661.1478,1711.9258,1829.3605,1867.2535,1843.9622,30194.0000,31584.0000,28045.0000
344.25,1377,19.75,19.75,1239286.2710,1208518.0990,1222452.9540,1249123.7170,1151992.6980,1139779.6102,1151992.6980,1125163.5753,1164873.9831,1181451.5766,1197998.4192,1759.3451,1828.1118,1661.1478,1711.9258,1829.3605,1867.2535,31917.0000,30194.0000,31584.0000
350.25,1401,19.5,19.75,1253697.8330,1239286.2710,1208518.0990,1222452.9540,1249123.7170,1151992.6980,1139779.6102,1151992.6980,1125163.5753,1164873.9831,1181451.5766,1852.2938,1759.3451,1828.1118,1661.1478,1711.9258,1829.3605,33456.0000,31917.0000,30194.0000
357,1428,19,19.5,1265698.5180,1253697.8330,1239286.2710,1208518.0990,1222452.9540,1249123.7170,1151992.6980,1139779.6102,1151992.6980,1125163.5753,1164873.9831,1817.8941,1852.2938,1759.3451,1828.1118,1661.1478,1711.9258,38383.0000,33456.0000,31917.0000
369,1476,18.5,19,1291959.5140,1265698.5180,1253697.8330,1239286.2710,1208518.0990,1222452.9540,1249123.7170,1151992.6980,1139779.6102,1151992.6980,1125163.5753,1897.0616,1817.8941,1852.2938,1759.3451,1828.1118,1661.1478,38610.0000,38383.0000,33456.0000
364.75,1459,18,18.5,1354033.5260,1291959.5140,1265698.5180,1253697.8330,1239286.2710,1208518.0990,1222452.9540,1249123.7170,1151992.6980,1139779.6102,1151992.6980,1945.5470,1897.0616,1817.8941,1852.2938,1759.3451,1828.1118,37952.0000,38610.0000,38383.0000
352,1408,17.25,18,1367989.4310,1354033.5260,1291959.5140,1265698.5180,1253697.8330,1239286.2710,1208518.0990,1222452.9540,1249123.7170,1151992.6980,1139779.6102,1911.5949,1945.5470,1897.0616,1817.8941,1852.2938,1759.3451,40363.0000,37952.0000,38610.0000
296.25,1185,17.25,17.25,1427760.4330,1367989.4310,1354033.5260,1291959.5140,1265698.5180,1253697.8330,1239286.2710,1208518.0990,1222452.9540,1249123.7170,1151992.6980,2030.7881,1911.5949,1945.5470,1897.0616,1817.8941,1852.2938,36530.0000,40363.0000,37952.0000
272.25,1089,16.5,17.25,1628068.2280,1427760.4330,1367989.4310,1354033.5260,1291959.5140,1265698.5180,1253697.8330,1239286.2710,1208518.0990,1222452.9540,1249123.7170,2042.9250,2030.7881,1911.5949,1945.5470,1897.0616,1817.8941,36631.0000,36530.0000,40363.0000
264,1056,15.75,16.5,1450058.9330,1628068.2280,1427760.4330,1367989.4310,1354033.5260,1291959.5140,1265698.5180,1253697.8330,1239286.2710,1208518.0990,1222452.9540,1981.8767,2042.9250,2030.7881,1911.5949,1945.5470,1897.0616,37077.0000,36631.0000,36530.0000
256.5,1026,15.25,15.75,1427301.0320,1450058.9330,1628068.2280,1427760.4330,1367989.4310,1354033.5260,1291959.5140,1265698.5180,1253697.8330,1239286.2710,1208518.0990,1894.4486,1981.8767,2042.9250,2030.7881,1911.5949,1945.5470,36232.0000,37077.0000,36631.0000
268.25,1073,15.25,15.25,1441299.1170,1427301.0320,1450058.9330,1628068.2280,1427760.4330,1367989.4310,1354033.5260,1291959.5140,1265698.5180,1253697.8330,1239286.2710,1840.1406,1894.4486,1981.8767,2042.9250,2030.7881,1911.5949,36449.0000,36232.0000,37077.0000
255.25,1021,14.75,15.25,1446309.3330,1441299.1170,1427301.0320,1450058.9330,1628068.2280,1427760.4330,1367989.4310,1354033.5260,1291959.5140,1265698.5180,1253697.8330,2031.0000,1840.1406,1894.4486,1981.8767,2042.9250,2030.7881,39263.0000,36449.0000,36232.0000
242.25,969,14.25,14.75,1456355.3110,1446309.3330,1441299.1170,1427301.0320,1450058.9330,1628068.2280,1427760.4330,1367989.4310,1354033.5260,1291959.5140,1265698.5180,1987.4934,2031.0000,1840.1406,1894.4486,1981.8767,2042.9250,41932.0000,39263.0000,36449.0000
233.5,934,14.25,14.25,1509751.0160,1456355.3110,1446309.3330,1441299.1170,1427301.0320,1450058.9330,1628068.2280,1427760.4330,1367989.4310,1354033.5260,1291959.5140,2060.4356,1987.4934,2031.0000,1840.1406,1894.4486,1981.8767,44474.0000,41932.0000,39263.0000
217.5,870,13.75,14.25,1531044.1100,1509751.0160,1456355.3110,1446309.3330,1441299.1170,1427301.0320,1450058.9330,1628068.2280,1427760.4330,1367989.4310,1354033.5260,2025.0962,2060.4356,1987.4934,2031.0000,1840.1406,1894.4486,44642.0000,44474.0000,41932.0000
214,856,13.25,13.75,1556997.4240,1531044.1100,1509751.0160,1456355.3110,1446309.3330,1441299.1170,1427301.0320,1450058.9330,1628068.2280,1427760.4330,1367989.4310,2081.2528,2025.0962,2060.4356,1987.4934,2031.0000,1840.1406,43892.0000,44642.0000,44474.0000
197,788,13.25,13.25,1598385.0720,1556997.4240,1531044.1100,1509751.0160,1456355.3110,1446309.3330,1441299.1170,1427301.0320,1450058.9330,1628068.2280,1427760.4330,2099.2910,2081.2528,2025.0962,2060.4356,1987.4934,2031.0000,45805.0000,43892.0000,44642.0000
190.25,761,13,13.25,1622706.4340,1598385.0720,1556997.4240,1531044.1100,1509751.0160,1456355.3110,1446309.3330,1441299.1170,1427301.0320,1450058.9330,1628068.2280,2034.3011,2099.2910,2081.2528,2025.0962,2060.4356,1987.4934,48956.0000,45805.0000,43892.0000
179.5,718,13,13,1703860.4030,1622706.4340,1598385.0720,1556997.4240,1531044.1100,1509751.0160,1456355.3110,1446309.3330,1441299.1170,1427301.0320,1450058.9330,2195.6113,2034.3011,2099.2910,2081.2528,2025.0962,2060.4356,52268.0000,48956.0000,45805.0000
166.75,667,12.75,13,2079942.6560,1703860.4030,1622706.4340,1598385.0720,1556997.4240,1531044.1100,1509751.0160,1456355.3110,1446309.3330,1441299.1170,1427301.0320,2166.6325,2195.6113,2034.3011,2099.2910,2081.2528,2025.0962,54392.0000,52268.0000,48956.0000
180.5,722,12.5,12.75,1706046.8030,2079942.6560,1703860.4030,1622706.4340,1598385.0720,1556997.4240,1531044.1100,1509751.0160,1456355.3110,1446309.3330,1441299.1170,2100.3442,2166.6325,2195.6113,2034.3011,2099.2910,2081.2528,54183.0000,54392.0000,52268.0000
190.5,762,12.5,12.5,1645748.8120,1706046.8030,2079942.6560,1703860.4030,1622706.4340,1598385.0720,1556997.4240,1531044.1100,1509751.0160,1456355.3110,1446309.3330,2050.2686,2100.3442,2166.6325,2195.6113,2034.3011,2099.2910,54637.0000,54183.0000,54392.0000
209.25,837,12,12.5,1638892.8400,1645748.8120,1706046.8030,2079942.6560,1703860.4030,1622706.4340,1598385.0720,1556997.4240,1531044.1100,1509751.0160,1456355.3110,2034.0535,2050.2686,2100.3442,2166.6325,2195.6113,2034.3011,60465.0000,54637.0000,54183.0000
217,868,11.5,12,1659359.1680,1638892.8400,1645748.8120,1706046.8030,2079942.6560,1703860.4030,1622706.4340,1598385.0720,1556997.4240,1531044.1100,1509751.0160,2158.7619,2034.0535,2050.2686,2100.3442,2166.6325,2195.6113,65318.0000,60465.0000,54637.0000
208.75,835,11.5,11.5,1618384.3270,1659359.1680,1638892.8400,1645748.8120,1706046.8030,2079942.6560,1703860.4030,1622706.4340,1598385.0720,1556997.4240,1531044.1100,2200.1521,2158.7619,2034.0535,2050.2686,2100.3442,2166.6325,63006.0000,65318.0000,60465.0000
185.75,743,11.25,11.5,1634095.4640,1618384.3270,1659359.1680,1638892.8400,1645748.8120,1706046.8030,2079942.6560,1703860.4030,1622706.4340,1598385.0720,1556997.4240,2207.1373,2200.1521,2158.7619,2034.0535,2050.2686,2100.3442,63886.0000,63006.0000,65318.0000
183.75,735,11.25,11.25,1621876.2590,1634095.4640,1618384.3270,1659359.1680,1638892.8400,1645748.8120,1706046.8030,2079942.6560,1703860.4030,1622706.4340,1598385.0720,2234.7200,2207.1373,2200.1521,2158.7619,2034.0535,2050.2686,59490.0000,63886.0000,63006.0000
177.75,711,11.25,11.25,1626602.6060,1621876.2590,1634095.4640,1618384.3270,1659359.1680,1638892.8400,1645748.8120,1706046.8030,2079942.6560,1703860.4030,1622706.4340,2315.9151,2234.7200,2207.1373,2200.1521,2158.7619,2034.0535,63489.0000,59490.0000,63886.0000
179.25,717,11.25,11.25,1694274.6770,1626602.6060,1621876.2590,1634095.4640,1618384.3270,1659359.1680,1638892.8400,1645748.8120,1706046.8030,2079942.6560,1703860.4030,2287.0729,2315.9151,2234.7200,2207.1373,2200.1521,2158.7619,60968.0000,63489.0000,59490.0000
184.5,738,11.25,11.25,1639295.9540,1694274.6770,1626602.6060,1621876.2590,1634095.4640,1618384.3270,1659359.1680,1638892.8400,1645748.8120,1706046.8030,2079942.6560,2317.8807,2287.0729,2315.9151,2234.7200,2207.1373,2200.1521,67868.0000,60968.0000,63489.0000
164.25,657,11.25,11.25,1703591.7710,1639295.9540,1694274.6770,1626602.6060,1621876.2590,1634095.4640,1618384.3270,1659359.1680,1638892.8400,1645748.8120,1706046.8030,2411.9546,2317.8807,2287.0729,2315.9151,2234.7200,2207.1373,72593.0000,67868.0000,60968.0000
165.75,663,11.25,11.25,1912661.5900,1703591.7710,1639295.9540,1694274.6770,1626602.6060,1621876.2590,1634095.4640,1618384.3270,1659359.1680,1638892.8400,1645748.8120,2296.5094,2411.9546,2317.8807,2287.0729,2315.9151,2234.7200,65018.0000,72593.0000,67868.0000
169.5,678,11.75,11.25,1675600.0590,1912661.5900,1703591.7710,1639295.9540,1694274.6770,1626602.6060,1621876.2590,1634095.4640,1618384.3270,1659359.1680,1638892.8400,2177.1702,2296.5094,2411.9546,2317.8807,2287.0729,2315.9151,59505.0000,65018.0000,72593.0000
172.5,690,11.75,11.75,1653418.6480,1675600.0590,1912661.5900,1703591.7710,1639295.9540,1694274.6770,1626602.6060,1621876.2590,1634095.4640,1618384.3270,1659359.1680,2052.6977,2177.1702,2296.5094,2411.9546,2317.8807,2287.0729,55680.0000,59505.0000,65018.0000
205.25,821,12.25,11.75,1634717.6000,1653418.6480,1675600.0590,1912661.5900,1703591.7710,1639295.9540,1694274.6770,1626602.6060,1621876.2590,1634095.4640,1618384.3270,2024.2170,2052.6977,2177.1702,2296.5094,2411.9546,2317.8807,49541.0000,55680.0000,59505.0000
217,868,13,12.25,1646335.9230,1634717.6000,1653418.6480,1675600.0590,1912661.5900,1703591.7710,1639295.9540,1694274.6770,1626602.6060,1621876.2590,1634095.4640,2240.3467,2024.2170,2052.6977,2177.1702,2296.5094,2411.9546,37257.0000,49541.0000,55680.0000
220,880,13,13,1650721.2820,1646335.9230,1634717.6000,1653418.6480,1675600.0590,1912661.5900,1703591.7710,1639295.9540,1694274.6770,1626602.6060,1621876.2590,2186.4940,2240.3467,2024.2170,2052.6977,2177.1702,2296.5094,36596.0000,37257.0000,49541.0000
226.25,905,13.75,13,1702184.0820,1650721.2820,1646335.9230,1634717.6000,1653418.6480,1675600.0590,1912661.5900,1703591.7710,1639295.9540,1694274.6770,1626602.6060,2221.9289,2186.4940,2240.3467,2024.2170,2052.6977,2177.1702,37550.0000,36596.0000,37257.0000
212.5,850,13.75,13.75,1666034.4960,1702184.0820,1650721.2820,1646335.9230,1634717.6000,1653418.6480,1675600.0590,1912661.5900,1703591.7710,1639295.9540,1694274.6770,2237.2962,2221.9289,2186.4940,2240.3467,2024.2170,2052.6977,39301.0000,37550.0000,36596.0000
208.5,834,13.75,13.75,1699592.4820,1666034.4960,1702184.0820,1650721.2820,1646335.9230,1634717.6000,1653418.6480,1675600.0590,1912661.5900,1703591.7710,1639295.9540,2315.5870,2237.2962,2221.9289,2186.4940,2240.3467,2024.2170,38183.0000,39301.0000,37550.0000
205.5,822,13.75,13.75,1758779.3590,1699592.4820,1666034.4960,1702184.0820,1650721.2820,1646335.9230,1634717.6000,1653418.6480,1675600.0590,1912661.5900,1703591.7710,2321.3533,2315.5870,2237.2962,2221.9289,2186.4940,2240.3467,40926.0000,38183.0000,39301.0000
194,776,12.75,13.75,1755266.6260,1758779.3590,1699592.4820,1666034.4960,1702184.0820,1650721.2820,1646335.9230,1634717.6000,1653418.6480,1675600.0590,1912661.5900,2368.9921,2321.3533,2315.5870,2237.2962,2221.9289,2186.4940,47290.0000,40926.0000,38183.0000
177,708,12.75,12.75,1837016.7250,1755266.6260,1758779.3590,1699592.4820,1666034.4960,1702184.0820,1650721.2820,1646335.9230,1634717.6000,1653418.6480,1675600.0590,2529.3299,2368.9921,2321.3533,2315.5870,2237.2962,2221.9289,53198.0000,47290.0000,40926.0000
164.25,657,11.25,12.75,2070846.4960,1837016.7250,1755266.6260,1758779.3590,1699592.4820,1666034.4960,1702184.0820,1650721.2820,1646335.9230,1634717.6000,1653418.6480,2511.1669,2529.3299,2368.9921,2321.3533,2315.5870,2237.2962,51466.0000,53198.0000,47290.0000
162,648,10.25,11.25,1874382.4650,2070846.4960,1837016.7250,1755266.6260,1758779.3590,1699592.4820,1666034.4960,1702184.0820,1650721.2820,1646335.9230,1634717.6000,2466.7667,2511.1669,2529.3299,2368.9921,2321.3533,2315.5870,54766.0000,51466.0000,53198.0000
157.5,630,10.25,10.25,1843248.0690,1874382.4650,2070846.4960,1837016.7250,1755266.6260,1758779.3590,1699592.4820,1666034.4960,1702184.0820,1650721.2820,1646335.9230,2298.0954,2466.7667,2511.1669,2529.3299,2368.9921,2321.3533,56489.0000,54766.0000,51466.0000
164.5,658,9.25,10.25,1873823.7500,1843248.0690,1874382.4650,2070846.4960,1837016.7250,1755266.6260,1758779.3590,1699592.4820,1666034.4960,1702184.0820,1650721.2820,2275.4067,2298.0954,2466.7667,2511.1669,2529.3299,2368.9921,61518.0000,56489.0000,54766.0000
162.5,650,8.75,9.25,1860277.8460,1873823.7500,1843248.0690,1874382.4650,2070846.4960,1837016.7250,1755266.6260,1758779.3590,1699592.4820,1666034.4960,1702184.0820,2548.1943,2275.4067,2298.0954,2466.7667,2511.1669,2529.3299,61546.0000,61518.0000,56489.0000
158,632,8.75,8.75,1874105.5850,1860277.8460,1873823.7500,1843248.0690,1874382.4650,2070846.4960,1837016.7250,1755266.6260,1758779.3590,1699592.4820,1666034.4960,2480.9027,2548.1943,2275.4067,2298.0954,2466.7667,2511.1669,67044.0000,61546.0000,61518.0000
168,672,8.75,8.75,1904510.6620,1874105.5850,1860277.8460,1873823.7500,1843248.0690,1874382.4650,2070846.4960,1837016.7250,1755266.6260,1758779.3590,1699592.4820,2506.5252,2480.9027,2548.1943,2275.4067,2298.0954,2466.7667,68588.0000,67044.0000,61546.0000
176,704,8.75,8.75,1913256.4100,1904510.6620,1874105.5850,1860277.8460,1873823.7500,1843248.0690,1874382.4650,2070846.4960,1837016.7250,1755266.6260,1758779.3590,2511.2781,2506.5252,2480.9027,2548.1943,2275.4067,2298.0954,65402.0000,68588.0000,67044.0000
182,728,8.75,8.75,1967454.8770,1913256.4100,1904510.6620,1874105.5850,1860277.8460,1873823.7500,1843248.0690,1874382.4650,2070846.4960,1837016.7250,1755266.6260,2609.0060,2511.2781,2506.5252,2480.9027,2548.1943,2275.4067,66503.0000,65402.0000,68588.0000
174.75,699,8.75,8.75,2012090.4620,1967454.8770,1913256.4100,1904510.6620,1874105.5850,1860277.8460,1873823.7500,1843248.0690,1874382.4650,2070846.4960,1837016.7250,2635.8652,2609.0060,2511.2781,2506.5252,2480.9027,2548.1943,70372.0000,66503.0000,65402.0000
159.25,637,8.75,8.75,2007873.5740,2012090.4620,1967454.8770,1913256.4100,1904510.6620,1874105.5850,1860277.8460,1873823.7500,1843248.0690,1874382.4650,2070846.4960,2660.2987,2635.8652,2609.0060,2511.2781,2506.5252,2480.9027,67530.0000,70372.0000,66503.0000
144,576,8.75,8.75,2068632.1160,2007873.5740,2012090.4620,1967454.8770,1913256.4100,1904510.6620,1874105.5850,1860277.8460,1873823.7500,1843248.0690,1874382.4650,2756.7769,2660.2987,2635.8652,2609.0060,2511.2781,2506.5252,63047.0000,67530.0000,70372.0000
134.25,537,8.75,8.75,2234693.6700,2068632.1160,2007873.5740,2012090.4620,1967454.8770,1913256.4100,1904510.6620,1874105.5850,1860277.8460,1873823.7500,1843248.0690,2797.3706,2756.7769,2660.2987,2635.8652,2609.0060,2511.2781,60936.0000,63047.0000,67530.0000
140.25,561,9.5,8.75,2031883.5710,2234693.6700,2068632.1160,2007873.5740,2012090.4620,1967454.8770,1913256.4100,1904510.6620,1874105.5850,1860277.8460,1873823.7500,2702.7408,2797.3706,2756.7769,2660.2987,2635.8652,2609.0060,67515.0000,60936.0000,63047.0000
142.5,570,9.5,9.5,1996661.9530,2031883.5710,2234693.6700,2068632.1160,2007873.5740,2012090.4620,1967454.8770,1913256.4100,1904510.6620,1874105.5850,1860277.8460,2527.9026,2702.7408,2797.3706,2756.7769,2660.2987,2635.8652,65146.0000,67515.0000,60936.0000
151.75,607,10.25,9.5,1969949.7100,1996661.9530,2031883.5710,2234693.6700,2068632.1160,2007873.5740,2012090.4620,1967454.8770,1913256.4100,1904510.6620,1874105.5850,2548.6801,2527.9026,2702.7408,2797.3706,2756.7769,2660.2987,69430.0000,65146.0000,67515.0000
153,612,10.75,10.25,1931652.0880,1969949.7100,1996661.9530,2031883.5710,2234693.6700,2068632.1160,2007873.5740,2012090.4620,1967454.8770,1913256.4100,1904510.6620,2718.5341,2548.6801,2527.9026,2702.7408,2797.3706,2756.7769,70673.0000,69430.0000,65146.0000
151.75,607,10.75,10.75,1934342.0250,1931652.0880,1969949.7100,1996661.9530,2031883.5710,2234693.6700,2068632.1160,2007873.5740,2012090.4620,1967454.8770,1913256.4100,2687.5165,2718.5341,2548.6801,2527.9026,2702.7408,2797.3706,67705.0000,70673.0000,69430.0000
161,644,10.75,10.75,1964999.2980,1934342.0250,1931652.0880,1969949.7100,1996661.9530,2031883.5710,2234693.6700,2068632.1160,2007873.5740,2012090.4620,1967454.8770,2781.0958,2687.5165,2718.5341,2548.6801,2527.9026,2702.7408,69305.0000,67705.0000,70673.0000
146,584,10.75,10.75,1953400.7230,1964999.2980,1934342.0250,1931652.0880,1969949.7100,1996661.9530,2031883.5710,2234693.6700,2068632.1160,2007873.5740,2012090.4620,2744.3743,2781.0958,2687.5165,2718.5341,2548.6801,2527.9026,66575.0000,69305.0000,67705.0000
144,576,10.75,10.75,1916230.4730,1953400.7230,1964999.2980,1934342.0250,1931652.0880,1969949.7100,1996661.9530,2031883.5710,2234693.6700,2068632.1160,2007873.5740,2767.5213,2744.3743,2781.0958,2687.5165,2718.5341,2548.6801,67383.0000,66575.0000,69305.0000
143.25,573,10.75,10.75,1964556.6940,1916230.4730,1953400.7230,1964999.2980,1934342.0250,1931652.0880,1969949.7100,1996661.9530,2031883.5710,2234693.6700,2068632.1160,2816.5838,2767.5213,2744.3743,2781.0958,2687.5165,2718.5341,68587.0000,67383.0000,66575.0000
130.75,523,11.25,10.75,1941705.8780,1964556.6940,1916230.4730,1953400.7230,1964999.2980,1934342.0250,1931652.0880,1969949.7100,1996661.9530,2031883.5710,2234693.6700,2769.6909,2816.5838,2767.5213,2744.3743,2781.0958,2687.5165,66133.0000,68587.0000,67383.0000
134.75,539,11.25,11.25,1996512.8700,1941705.8780,1964556.6940,1916230.4730,1953400.7230,1964999.2980,1934342.0250,1931652.0880,1969949.7100,1996661.9530,2031883.5710,2862.7189,2769.6909,2816.5838,2767.5213,2744.3743,2781.0958,64620.0000,66133.0000,68587.0000
140,560,11.75,11.25,2162928.9680,1996512.8700,1941705.8780,1964556.6940,1916230.4730,1953400.7230,1964999.2980,1934342.0250,1931652.0880,1969949.7100,1996661.9530,2909.3327,2862.7189,2769.6909,2816.5838,2767.5213,2744.3743,62404.0000,64620.0000,66133.0000
142.25,569,12,11.75,1965680.7510,2162928.9680,1996512.8700,1941705.8780,1964556.6940,1916230.4730,1953400.7230,1964999.2980,1934342.0250,1931652.0880,1969949.7100,2853.7970,2909.3327,2862.7189,2769.6909,2816.5838,2767.5213,58824.0000,62404.0000,64620.0000
153.5,614,12,12,1937693.0930,1965680.7510,2162928.9680,1996512.8700,1941705.8780,1964556.6940,1916230.4730,1953400.7230,1964999.2980,1934342.0250,1931652.0880,2684.9794,2853.7970,2909.3327,2862.7189,2769.6909,2816.5838,56495.0000,58824.0000,62404.0000
173.25,693,12.25,12,1945505.9870,1937693.0930,1965680.7510,2162928.9680,1996512.8700,1941705.8780,1964556.6940,1916230.4730,1953400.7230,1964999.2980,1934342.0250,2700.6040,2684.9794,2853.7970,2909.3327,2862.7189,2769.6909,52324.0000,56495.0000,58824.0000
174.75,699,12.5,12.25,1946065.8100,1945505.9870,1937693.0930,1965680.7510,2162928.9680,1996512.8700,1941705.8780,1964556.6940,1916230.4730,1953400.7230,1964999.2980,2918.2568,2700.6040,2684.9794,2853.7970,2909.3327,2862.7189,58338.0000,52324.0000,56495.0000
181.5,726,12,12.5,1945954.3550,1946065.8100,1945505.9870,1937693.0930,1965680.7510,2162928.9680,1996512.8700,1941705.8780,1964556.6940,1916230.4730,1953400.7230,2817.8764,2918.2568,2700.6040,2684.9794,2853.7970,2909.3327,56875.0000,58338.0000,52324.0000
188.25,753,12,12,1991592.6190,1945954.3550,1946065.8100,1945505.9870,1937693.0930,1965680.7510,2162928.9680,1996512.8700,1941705.8780,1964556.6940,1916230.4730,2926.8922,2817.8764,2918.2568,2700.6040,2684.9794,2853.7970,56754.0000,56875.0000,58338.0000
171.25,685,11.5,12,1986965.0030,1991592.6190,1945954.3550,1946065.8100,1945505.9870,1937693.0930,1965680.7510,2162928.9680,1996512.8700,1941705.8780,1964556.6940,2878.0266,2926.8922,2817.8764,2918.2568,2700.6040,2684.9794,63072.0000,56754.0000,56875.0000
169.75,679,11,11.5,1993174.7940,1986965.0030,1991592.6190,1945954.3550,1946065.8100,1945505.9870,1937693.0930,1965680.7510,2162928.9680,1996512.8700,1941705.8780,2968.0067,2878.0266,2926.8922,2817.8764,2918.2568,2700.6040,65812.0000,63072.0000,56754.0000
153.75,615,11,11,2043547.9140,1993174.7940,1986965.0030,1991592.6190,1945954.3550,1946065.8100,1945505.9870,1937693.0930,1965680.7510,2162928.9680,1996512.8700,3029.6050,2968.0067,2878.0266,2926.8922,2817.8764,2918.2568,64511.0000,65812.0000,63072.0000
140.5,562,10.5,11,2022485.4140,2043547.9140,1993174.7940,1986965.0030,1991592.6190,1945954.3550,1946065.8100,1945505.9870,1937693.0930,1965680.7510,2162928.9680,2901.3315,3029.6050,2968.0067,2878.0266,2926.8922,2817.8764,61820.0000,64511.0000,65812.0000
148.5,594,10.5,10.5,2120871.7960,2022485.4140,2043547.9140,1993174.7940,1986965.0030,1991592.6190,1945954.3550,1946065.8100,1945505.9870,1937693.0930,1965680.7510,3095.1751,2901.3315,3029.6050,2968.0067,2878.0266,2926.8922,54490.0000,61820.0000,64511.0000
135.5,542,9.75,10.5,2369010.6410,2120871.7960,2022485.4140,2043547.9140,1993174.7940,1986965.0030,1991592.6190,1945954.3550,1946065.8100,1945505.9870,1937693.0930,3047.5811,3095.1751,2901.3315,3029.6050,2968.0067,2878.0266,54355.0000,54490.0000,61820.0000
140.75,563,9,9.75,2089640.4010,2369010.6410,2120871.7960,2022485.4140,2043547.9140,1993174.7940,1986965.0030,1991592.6190,1945954.3550,1946065.8100,1945505.9870,2938.8741,3047.5811,3095.1751,2901.3315,3029.6050,2968.0067,56097.0000,54355.0000,54490.0000
144.5,578,8.5,9,2077379.3500,2089640.4010,2369010.6410,2120871.7960,2022485.4140,2043547.9140,1993174.7940,1986965.0030,1991592.6190,1945954.3550,1946065.8100,2887.0275,2938.8741,3047.5811,3095.1751,2901.3315,3029.6050,57062.0000,56097.0000,54355.0000
141.75,567,8.5,8.5,2120069.9580,2077379.3500,2089640.4010,2369010.6410,2120871.7960,2022485.4140,2043547.9140,1993174.7940,1986965.0030,1991592.6190,1945954.3550,2798.9426,2887.0275,2938.8741,3047.5811,3095.1751,2901.3315,59176.0000,57062.0000,56097.0000
154.5,618,8,8.5,2073441.5990,2120069.9580,2077379.3500,2089640.4010,2369010.6410,2120871.7960,2022485.4140,2043547.9140,1993174.7940,1986965.0030,1991592.6190,3045.7610,2798.9426,2887.0275,2938.8741,3047.5811,3095.1751,57068.0000,59176.0000,57062.0000
149.25,597,7.5,8,2108704.6580,2073441.5990,2120069.9580,2077379.3500,2089640.4010,2369010.6410,2120871.7960,2022485.4140,2043547.9140,1993174.7940,1986965.0030,3116.9627,3045.7610,2798.9426,2887.0275,2938.8741,3047.5811,57475.0000,57068.0000,59176.0000
148,592,7.5,7.5,2159854.2670,2108704.6580,2073441.5990,2120069.9580,2077379.3500,2089640.4010,2369010.6410,2120871.7960,2022485.4140,2043547.9140,1993174.7940,3072.9369,3116.9627,3045.7610,2798.9426,2887.0275,2938.8741,60952.0000,57475.0000,57068.0000
148,592,7.25,7.5,2118973.1990,2159854.2670,2108704.6580,2073441.5990,2120069.9580,2077379.3500,2089640.4010,2369010.6410,2120871.7960,2022485.4140,2043547.9140,3021.5430,3072.9369,3116.9627,3045.7610,2798.9426,2887.0275,59762.0000,60952.0000,57475.0000
155.5,622,7.25,7.25,2138132.5560,2118973.1990,2159854.2670,2108704.6580,2073441.5990,2120069.9580,2077379.3500,2089640.4010,2369010.6410,2120871.7960,2022485.4140,3145.0038,3021.5430,3072.9369,3116.9627,3045.7610,2798.9426,57424.0000,59762.0000,60952.0000
154.25,617,7.25,7.25,2157785.7580,2138132.5560,2118973.1990,2159854.2670,2108704.6580,2073441.5990,2120069.9580,2077379.3500,2089640.4010,2369010.6410,2120871.7960,3147.9820,3145.0038,3021.5430,3072.9369,3116.9627,3045.7610,56352.0000,57424.0000,59762.0000
147,588,7.25,7.25,2125618.2260,2157785.7580,2138132.5560,2118973.1990,2159854.2670,2108704.6580,2073441.5990,2120069.9580,2077379.3500,2089640.4010,2369010.6410,3098.6498,3147.9820,3145.0038,3021.5430,3072.9369,3116.9627,55910.0000,56352.0000,57424.0000
139,556,7.25,7.25,2234729.3180,2125618.2260,2157785.7580,2138132.5560,2118973.1990,2159854.2670,2108704.6580,2073441.5990,2120069.9580,2077379.3500,2089640.4010,3279.2004,3098.6498,3147.9820,3145.0038,3021.5430,3072.9369,53506.0000,55910.0000,56352.0000
131.5,526,7.25,7.25,2420329.9530,2234729.3180,2125618.2260,2157785.7580,2138132.5560,2118973.1990,2159854.2670,2108704.6580,2073441.5990,2120069.9580,2077379.3500,3230.0323,3279.2004,3098.6498,3147.9820,3145.0038,3021.5430,47457.0000,53506.0000,55910.0000
131.75,527,7.5,7.25,2197951.4210,2420329.9530,2234729.3180,2125618.2260,2157785.7580,2138132.5560,2118973.1990,2159854.2670,2108704.6580,2073441.5990,2120069.9580,3188.7886,3230.0323,3279.2004,3098.6498,3147.9820,3145.0038,48235.0000,47457.0000,53506.0000
134.25,537,8,7.5,2208765.8460,2197951.4210,2420329.9530,2234729.3180,2125618.2260,2157785.7580,2138132.5560,2118973.1990,2159854.2670,2108704.6580,2073441.5990,3081.8595,3188.7886,3230.0323,3279.2004,3098.6498,3147.9820,50012.0000,48235.0000,47457.0000
138.5,554,8,8,2159098.8700,2208765.8460,2197951.4210,2420329.9530,2234729.3180,2125618.2260,2157785.7580,2138132.5560,2118973.1990,2159854.2670,2108704.6580,3082.5086,3081.8595,3188.7886,3230.0323,3279.2004,3098.6498,52338.0000,50012.0000,48235.0000
129.25,517,8.5,8,2144703.2470,2159098.8700,2208765.8460,2197951.4210,2420329.9530,2234729.3180,2125618.2260,2157785.7580,2138132.5560,2118973.1990,2159854.2670,3209.3618,3082.5086,3081.8595,3188.7886,3230.0323,3279.2004,54256.0000,52338.0000,50012.0000
131.5,526,9,8.5,2101164.4040,2144703.2470,2159098.8700,2208765.8460,2197951.4210,2420329.9530,2234729.3180,2125618.2260,2157785.7580,2138132.5560,2118973.1990,3211.8311,3209.3618,3082.5086,3081.8595,3188.7886,3230.0323,52483.0000,54256.0000,52338.0000
136.25,545,9,9,2112040.2680,2101164.4040,2144703.2470,2159098.8700,2208765.8460,2197951.4210,2420329.9530,2234729.3180,2125618.2260,2157785.7580,2138132.5560,3212.3408,3211.8311,3209.3618,3082.5086,3081.8595,3188.7886,51507.0000,52483.0000,54256.0000
146.25,585,9.5,9,2088268.0290,2112040.2680,2101164.4040,2144703.2470,2159098.8700,2208765.8460,2197951.4210,2420329.9530,2234729.3180,2125618.2260,2157785.7580,3071.0345,3212.3408,3211.8311,3209.3618,3082.5086,3081.8595,47639.0000,51507.0000,52483.0000
153.25,613,10,9.5,2112526.0300,2088268.0290,2112040.2680,2101164.4040,2144703.2470,2159098.8700,2208765.8460,2197951.4210,2420329.9530,2234729.3180,2125618.2260,3241.1383,3071.0345,3212.3408,3211.8311,3209.3618,3082.5086,47094.0000,47639.0000,51507.0000
150,600,10,10,2157814.1080,2112526.0300,2088268.0290,2112040.2680,2101164.4040,2144703.2470,2159098.8700,2208765.8460,2197951.4210,2420329.9530,2234729.3180,3214.9342,3241.1383,3071.0345,3212.3408,3211.8311,3209.3618,50415.0000,47094.0000,47639.0000
144.75,579,10.5,10,2144203.2750,2157814.1080,2112526.0300,2088268.0290,2112040.2680,2101164.4040,2144703.2470,2159098.8700,2208765.8460,2197951.4210,2420329.9530,3253.3995,3214.9342,3241.1383,3071.0345,3212.3408,3211.8311,51627.0000,50415.0000,47094.0000
127.75,511,10.75,10.5,2226012.6460,2144203.2750,2157814.1080,2112526.0300,2088268.0290,2112040.2680,2101164.4040,2144703.2470,2159098.8700,2208765.8460,2197951.4210,3359.8607,3253.3995,3214.9342,3241.1383,3071.0345,3212.3408,51239.0000,51627.0000,50415.0000
114.5,458,10.75,10.75,2378643.1980,2226012.6460,2144203.2750,2157814.1080,2112526.0300,2088268.0290,2112040.2680,2101164.4040,2144703.2470,2159098.8700,2208765.8460,3279.9585,3359.8607,3253.3995,3214.9342,3241.1383,3071.0345,53168.0000,51239.0000,51627.0000
117.5,470,11,10.75,2165286.2210,2378643.1980,2226012.6460,2144203.2750,2157814.1080,2112526.0300,2088268.0290,2112040.2680,2101164.4040,2144703.2470,2159098.8700,3280.4157,3279.9585,3359.8607,3253.3995,3214.9342,3241.1383,55829.0000,53168.0000,51239.0000
125.75,503,11,11,2130579.8930,2165286.2210,2378643.1980,2226012.6460,2144203.2750,2157814.1080,2112526.0300,2088268.0290,2112040.2680,2101164.4040,2144703.2470,3079.5909,3280.4157,3279.9585,3359.8607,3253.3995,3214.9342,61288.0000,55829.0000,53168.0000
131.5,526,11,11,2094857.2890,2130579.8930,2165286.2210,2378643.1980,2226012.6460,2144203.2750,2157814.1080,2112526.0300,2088268.0290,2112040.2680,2101164.4040,3007.1460,3079.5909,3280.4157,3279.9585,3359.8607,3253.3995,54116.0000,61288.0000,55829.0000
149,596,11,11,2031445.0430,2094857.2890,2130579.8930,2165286.2210,2378643.1980,2226012.6460,2144203.2750,2157814.1080,2112526.0300,2088268.0290,2112040.2680,3293.9025,3007.1460,3079.5909,3280.4157,3279.9585,3359.8607,54629.0000,54116.0000,61288.0000
157.25,629,11,11,2015581.6000,2031445.0430,2094857.2890,2130579.8930,2165286.2210,2378643.1980,2226012.6460,2144203.2750,2157814.1080,2112526.0300,2088268.0290,3161.5790,3293.9025,3007.1460,3079.5909,3280.4157,3279.9585,54724.0000,54629.0000,54116.0000
163.25,653,11,11,2006671.4450,2015581.6000,2031445.0430,2094857.2890,2130579.8930,2165286.2210,2378643.1980,2226012.6460,2144203.2750,2157814.1080,2112526.0300,3115.8440,3161.5790,3293.9025,3007.1460,3079.5909,3280.4157,50007.0000,54724.0000,54629.0000
171.75,687,11.25,11,1957610.6150,2006671.4450,2015581.6000,2031445.0430,2094857.2890,2130579.8930,2165286.2210,2378643.1980,2226012.6460,2144203.2750,2157814.1080,3089.3973,3115.8440,3161.5790,3293.9025,3007.1460,3079.5909,46908.0000,50007.0000,54724.0000
171.25,685,11.25,11.25,1942723.9690,1957610.6150,2006671.4450,2015581.6000,2031445.0430,2094857.2890,2130579.8930,2165286.2210,2378643.1980,2226012.6460,2144203.2750,3181.3827,3089.3973,3115.8440,3161.5790,3293.9025,3007.1460,51583.0000,46908.0000,50007.0000
170.75,683,11.75,11.25,1928955.7070,1942723.9690,1957610.6150,2006671.4450,2015581.6000,2031445.0430,2094857.2890,2130579.8930,2165286.2210,2378643.1980,2226012.6460,3141.0938,3181.3827,3089.3973,3115.8440,3161.5790,3293.9025,51150.0000,51583.0000,46908.0000
156.75,627,12.25,11.75,1937255.9010,1928955.7070,1942723.9690,1957610.6150,2006671.4450,2015581.6000,2031445.0430,2094857.2890,2130579.8930,2165286.2210,2378643.1980,3120.2192,3141.0938,3181.3827,3089.3973,3115.8440,3161.5790,56229.0000,51150.0000,51583.0000
139.5,558,12.25,12.25,1999302.3210,1937255.9010,1928955.7070,1942723.9690,1957610.6150,2006671.4450,2015581.6000,2031445.0430,2094857.2890,2130579.8930,2165286.2210,3239.0421,3120.2192,3141.0938,3181.3827,3089.3973,3115.8440,52761.0000,56229.0000,51150.0000
133.25,533,12.75,12.25,2130841.2950,1999302.3210,1937255.9010,1928955.7070,1942723.9690,1957610.6150,2006671.4450,2015581.6000,2031445.0430,2094857.2890,2130579.8930,3170.6216,3239.0421,3120.2192,3141.0938,3181.3827,3089.3973,53081.0000,52761.0000,56229.0000
130,520,13.25,12.75,1957878.3640,2130841.2950,1999302.3210,1937255.9010,1928955.7070,1942723.9690,1957610.6150,2006671.4450,2015581.6000,2031445.0430,2094857.2890,3166.0638,3170.6216,3239.0421,3120.2192,3141.0938,3181.3827,50865.0000,53081.0000,52761.0000
130.75,523,13.25,13.25,1933514.0260,1957878.3640,2130841.2950,1999302.3210,1937255.9010,1928955.7070,1942723.9690,1957610.6150,2006671.4450,2015581.6000,2031445.0430,2934.0768,3166.0638,3170.6216,3239.0421,3120.2192,3141.0938,46626.0000,50865.0000,53081.0000
143.25,573,13.75,13.25,1894760.7430,1933514.0260,1957878.3640,2130841.2950,1999302.3210,1937255.9010,1928955.7070,1942723.9690,1957610.6150,2006671.4450,2015581.6000,2970.2023,2934.0768,3166.0638,3170.6216,3239.0421,3120.2192,45059.0000,46626.0000,50865.0000
159,636,14.25,13.75,1905638.3250,1894760.7430,1933514.0260,1957878.3640,2130841.2950,1999302.3210,1937255.9010,1928955.7070,1942723.9690,1957610.6150,2006671.4450,3189.6424,2970.2023,2934.0768,3166.0638,3170.6216,3239.0421,45869.0000,45059.0000,46626.0000
166.75,667,14.25,14.25,1883099.5750,1905638.3250,1894760.7430,1933514.0260,1957878.3640,2130841.2950,1999302.3210,1937255.9010,1928955.7070,1942723.9690,1957610.6150,3134.5715,3189.6424,2970.2023,2934.0768,3166.0638,3170.6216,45120.0000,45869.0000,45059.0000
174,696,14.25,14.25,1885696.2940,1883099.5750,1905638.3250,1894760.7430,1933514.0260,1957878.3640,2130841.2950,1999302.3210,1937255.9010,1928955.7070,1942723.9690,3094.1674,3134.5715,3189.6424,2970.2023,2934.0768,3166.0638,43350.0000,45120.0000,45869.0000
182.75,731,14.25,14.25,1871033.0490,1885696.2940,1883099.5750,1905638.3250,1894760.7430,1933514.0260,1957878.3640,2130841.2950,1999302.3210,1937255.9010,1928955.7070,3118.4781,3094.1674,3134.5715,3189.6424,2970.2023,2934.0768,40406.0000,43350.0000,45120.0000
171,684,14.25,14.25,1862559.5660,1871033.0490,1885696.2940,1883099.5750,1905638.3250,1894760.7430,1933514.0260,1957878.3640,2130841.2950,1999302.3210,1937255.9010,3110.5006,3118.4781,3094.1674,3134.5715,3189.6424,2970.2023,42794.0000,40406.0000,43350.0000
165,660,14.25,14.25,1920555.3140,1862559.5660,1871033.0490,1885696.2940,1883099.5750,1905638.3250,1894760.7430,1933514.0260,1957878.3640,2130841.2950,1999302.3210,3154.6942,3110.5006,3118.4781,3094.1674,3134.5715,3189.6424,50055.0000,42794.0000,40406.0000
158.25,633,14.25,14.25,1915794.3710,1920555.3140,1862559.5660,1871033.0490,1885696.2940,1883099.5750,1905638.3250,1894760.7430,1933514.0260,1957878.3640,2130841.2950,3115.4358,3154.6942,3110.5006,3118.4781,3094.1674,3134.5715,53911.0000,50055.0000,42794.0000
134.75,539,14.25,14.25,1971358.6060,1915794.3710,1920555.3140,1862559.5660,1871033.0490,1885696.2940,1883099.5750,1905638.3250,1894760.7430,1933514.0260,1957878.3640,3200.7824,3115.4358,3154.6942,3110.5006,3118.4781,3094.1674,48472.0000,53911.0000,50055.0000
133,532,14.25,14.25,2147208.5290,1971358.6060,1915794.3710,1920555.3140,1862559.5660,1871033.0490,1885696.2940,1883099.5750,1905638.3250,1894760.7430,1933514.0260,3235.4216,3200.7824,3115.4358,3154.6942,3110.5006,3118.4781,51527.0000,48472.0000,53911.0000
132,528,14.25,14.25,1926443.2280,2147208.5290,1971358.6060,1915794.3710,1920555.3140,1862559.5660,1871033.0490,1885696.2940,1883099.5750,1905638.3250,1894760.7430,3235.9626,3235.4216,3200.7824,3115.4358,3154.6942,3110.5006,57308.0000,51527.0000,48472.0000
125,500,14.25,14.25,1966342.5020,1926443.2280,2147208.5290,1971358.6060,1915794.3710,1920555.3140,1862559.5660,1871033.0490,1885696.2940,1883099.5750,1905638.3250,3031.2240,3235.9626,3235.4216,3200.7824,3115.4358,3154.6942,57901.0000,57308.0000,51527.0000
150.5,602,14.25,14.25,1913019.3260,1966342.5020,1926443.2280,2147208.5290,1971358.6060,1915794.3710,1920555.3140,1862559.5660,1871033.0490,1885696.2940,1883099.5750,3009.0871,3031.2240,3235.9626,3235.4216,3200.7824,3115.4358,58367.0000,57901.0000,57308.0000
149,596,14.25,14.25,1924962.0970,1913019.3260,1966342.5020,1926443.2280,2147208.5290,1971358.6060,1915794.3710,1920555.3140,1862559.5660,1871033.0490,1885696.2940,3299.7753,3009.0871,3031.2240,3235.9626,3235.4216,3200.7824,64925.0000,58367.0000,57901.0000
148,592,14.25,14.25,1915397.7010,1924962.0970,1913019.3260,1966342.5020,1926443.2280,2147208.5290,1971358.6060,1915794.3710,1920555.3140,1862559.5660,1871033.0490,3159.8196,3299.7753,3009.0871,3031.2240,3235.9626,3235.4216,61906.0000,64925.0000,58367.0000
162.75,651,14.25,14.25,1959368.3940,1915397.7010,1924962.0970,1913019.3260,1966342.5020,1926443.2280,2147208.5290,1971358.6060,1915794.3710,1920555.3140,1862559.5660,3231.6682,3159.8196,3299.7753,3009.0871,3031.2240,3235.9626,60227.0000,61906.0000,64925.0000
158.75,635,14,14.25,1956322.5290,1959368.3940,1915397.7010,1924962.0970,1913019.3260,1966342.5020,1926443.2280,2147208.5290,1971358.6060,1915794.3710,1920555.3140,3183.5319,3231.6682,3159.8196,3299.7753,3009.0871,3031.2240,64671.0000,60227.0000,61906.0000
164,656,13.75,14,1933541.4990,1956322.5290,1959368.3940,1915397.7010,1924962.0970,1913019.3260,1966342.5020,1926443.2280,2147208.5290,1971358.6060,1915794.3710,3216.5511,3183.5319,3231.6682,3159.8196,3299.7753,3009.0871,66662.0000,64671.0000,60227.0000
154.75,619,13.75,13.75,1962211.3440,1933541.4990,1956322.5290,1959368.3940,1915397.7010,1924962.0970,1913019.3260,1966342.5020,1926443.2280,2147208.5290,1971358.6060,3257.1479,3216.5511,3183.5319,3231.6682,3159.8196,3299.7753,64984.0000,66662.0000,64671.0000
139.25,557,13,13.75,1950983.2360,1962211.3440,1933541.4990,1956322.5290,1959368.3940,1915397.7010,1924962.0970,1913019.3260,1966342.5020,1926443.2280,2147208.5290,3186.0852,3257.1479,3216.5511,3183.5319,3231.6682,3159.8196,65403.0000,64984.0000,66662.0000
114.5,458,12.25,13,2033914.9410,1950983.2360,1962211.3440,1933541.4990,1956322.5290,1959368.3940,1915397.7010,1924962.0970,1913019.3260,1966342.5020,1926443.2280,3321.2262,3186.0852,3257.1479,3216.5511,3183.5319,3231.6682,62712.0000,65403.0000,64984.0000
99.5,398,12.25,12.25,2231884.8820,2033914.9410,1950983.2360,1962211.3440,1933541.4990,1956322.5290,1959368.3940,1915397.7010,1924962.0970,1913019.3260,1966342.5020,3346.4521,3321.2262,3186.0852,3257.1479,3216.5511,3183.5319,62900.0000,62712.0000,65403.0000
99.75,399,11.25,12.25,2019017.3560,2231884.8820,2033914.9410,1950983.2360,1962211.3440,1933541.4990,1956322.5290,1959368.3940,1915397.7010,1924962.0970,1913019.3260,3359.5918,3346.4521,3321.2262,3186.0852,3257.1479,3216.5511,65920.0000,62900.0000,62712.0000
104.25,417,10.25,11.25,2025627.9390,2019017.3560,2231884.8820,2033914.9410,1950983.2360,1962211.3440,1933541.4990,1956322.5290,1959368.3940,1915397.7010,1924962.0970,3208.4780,3359.5918,3346.4521,3321.2262,3186.0852,3257.1479,70835.0000,65920.0000,62900.0000
122.25,489,10.25,10.25,2058257.7430,2025627.9390,2019017.3560,2231884.8820,2033914.9410,1950983.2360,1962211.3440,1933541.4990,1956322.5290,1959368.3940,1915397.7010,3129.6460,3208.4780,3359.5918,3346.4521,3321.2262,3186.0852,74294.0000,70835.0000,65920.0000
127.75,511,9.25,10.25,2077455.4020,2058257.7430,2025627.9390,2019017.3560,2231884.8820,2033914.9410,1950983.2360,1962211.3440,1933541.4990,1956322.5290,1959368.3940,3414.3526,3129.6460,3208.4780,3359.5918,3346.4521,3321.2262,74309.0000,74294.0000,70835.0000
129.25,517,9.25,9.25,2066532.5850,2077455.4020,2058257.7430,2025627.9390,2019017.3560,2231884.8820,2033914.9410,1950983.2360,1962211.3440,1933541.4990,1956322.5290,3399.5367,3414.3526,3129.6460,3208.4780,3359.5918,3346.4521,71971.0000,74309.0000,74294.0000
137.25,549,8.25,9.25,2057269.0880,2066532.5850,2077455.4020,2058257.7430,2025627.9390,2019017.3560,2231884.8820,2033914.9410,1950983.2360,1962211.3440,1933541.4990,3244.4530,3399.5367,3414.3526,3129.6460,3208.4780,3359.5918,76402.0000,71971.0000,74309.0000
130.75,523,7.5,8.25,2040079.9530,2057269.0880,2066532.5850,2077455.4020,2058257.7430,2025627.9390,2019017.3560,2231884.8820,2033914.9410,1950983.2360,1962211.3440,3347.9050,3244.4530,3399.5367,3414.3526,3129.6460,3208.4780,84913.0000,76402.0000,71971.0000
136.25,545,7.5,7.5,2092218.9930,2040079.9530,2057269.0880,2066532.5850,2077455.4020,2058257.7430,2025627.9390,2019017.3560,2231884.8820,2033914.9410,1950983.2360,3386.7305,3347.9050,3244.4530,3399.5367,3414.3526,3129.6460,85354.0000,84913.0000,76402.0000
135.25,541,7,7.5,2119070.6010,2092218.9930,2040079.9530,2057269.0880,2066532.5850,2077455.4020,2058257.7430,2025627.9390,2019017.3560,2231884.8820,2033914.9410,3427.4268,3386.7305,3347.9050,3244.4530,3399.5367,3414.3526,85366.0000,85354.0000,84913.0000
123.25,493,7,7,2064856.2450,2119070.6010,2092218.9930,2040079.9530,2057269.0880,2066532.5850,2077455.4020,2058257.7430,2025627.9390,2019017.3560,2231884.8820,3288.7295,3427.4268,3386.7305,3347.9050,3244.4530,3399.5367,86116.0000,85366.0000,85354.0000
110.75,443,6.75,7,2143338.7930,2064856.2450,2119070.6010,2092218.9930,2040079.9530,2057269.0880,2066532.5850,2077455.4020,2058257.7430,2025627.9390,2019017.3560,3482.8788,3288.7295,3427.4268,3386.7305,3347.9050,3244.4530,76754.0000,86116.0000,85366.0000
106.25,425,6.5,6.75,2335209.4210,2143338.7930,2064856.2450,2119070.6010,2092218.9930,2040079.9530,2057269.0880,2066532.5850,2077455.4020,2058257.7430,2025627.9390,3460.9196,3482.8788,3288.7295,3427.4268,3386.7305,3347.9050,72763.0000,76754.0000,86116.0000
97.75,391,6.5,6.5,2118510.6880,2335209.4210,2143338.7930,2064856.2450,2119070.6010,2092218.9930,2040079.9530,2057269.0880,2066532.5850,2077455.4020,2058257.7430,3414.6519,3460.9196,3482.8788,3288.7295,3427.4268,3386.7305,79220.0000,72763.0000,76754.0000
104.25,417,6.5,6.5,2133573.7900,2118510.6880,2335209.4210,2143338.7930,2064856.2450,2119070.6010,2092218.9930,2040079.9530,2057269.0880,2066532.5850,2077455.4020,3285.6759,3414.6519,3460.9196,3482.8788,3288.7295,3427.4268,76678.0000,79220.0000,72763.0000
126.25,505,6.5,6.5,2130049.7150,2133573.7900,2118510.6880,2335209.4210,2143338.7930,2064856.2450,2119070.6010,2092218.9930,2040079.9530,2057269.0880,2066532.5850,3265.4659,3285.6759,3414.6519,3460.9196,3482.8788,3288.7295,79342.0000,76678.0000,79220.0000
120.25,481,6.5,6.5,2113601.2660,2130049.7150,2133573.7900,2118510.6880,2335209.4210,2143338.7930,2064856.2450,2119070.6010,2092218.9930,2040079.9530,2057269.0880,3396.2544,3265.4659,3285.6759,3414.6519,3460.9196,3482.8788,87424.0000,79342.0000,76678.0000
140.75,563,6.5,6.5,2089004.3850,2113601.2660,2130049.7150,2133573.7900,2118510.6880,2335209.4210,2143338.7930,2064856.2450,2119070.6010,2092218.9930,2040079.9530,3448.7808,3396.2544,3265.4659,3285.6759,3414.6519,3460.9196,89504.0000,87424.0000,79342.0000
139.25,557,6.5,6.5,2117331.3530,2089004.3850,2113601.2660,2130049.7150,2133573.7900,2118510.6880,2335209.4210,2143338.7930,2064856.2450,2119070.6010,2092218.9930,3458.9363,3448.7808,3396.2544,3265.4659,3285.6759,3414.6519,87887.0000,89504.0000,87424.0000
130,520,6.5,6.5,2091820.5870,2117331.3530,2089004.3850,2113601.2660,2130049.7150,2133573.7900,2118510.6880,2335209.4210,2143338.7930,2064856.2450,2119070.6010,3355.7185,3458.9363,3448.7808,3396.2544,3265.4659,3285.6759,97394.0000,87887.0000,89504.0000
141.25,565,6.5,6.5,2114713.7330,2091820.5870,2117331.3530,2089004.3850,2113601.2660,2130049.7150,2133573.7900,2118510.6880,2335209.4210,2143338.7930,2064856.2450,3548.4394,3355.7185,3458.9363,3448.7808,3396.2544,3265.4659,95584.0000,97394.0000,87887.0000
120,480,6.5,6.5,2175601.9030,2114713.7330,2091820.5870,2117331.3530,2089004.3850,2113601.2660,2130049.7150,2133573.7900,2118510.6880,2335209.4210,2143338.7930,3532.9768,3548.4394,3355.7185,3458.9363,3448.7808,3396.2544,95415.0000,95584.0000,97394.0000
110.75,443,6.5,6.5,2142779.3650,2175601.9030,2114713.7330,2091820.5870,2117331.3530,2089004.3850,2113601.2660,2130049.7150,2133573.7900,2118510.6880,2335209.4210,3475.7612,3532.9768,3548.4394,3355.7185,3458.9363,3448.7808,96353.0000,95415.0000,95584.0000
100.25,401,6.5,6.5,2272678.8030,2142779.3650,2175601.9030,2114713.7330,2091820.5870,2117331.3530,2089004.3850,2113601.2660,2130049.7150,2133573.7900,2118510.6880,3649.0945,3475.7612,3532.9768,3548.4394,3355.7185,3458.9363,97030.0000,96353.0000,95415.0000
88.5,354,6.5,6.5,2488725.8640,2272678.8030,2142779.3650,2175601.9030,2114713.7330,2091820.5870,2117331.3530,2089004.3850,2113601.2660,2130049.7150,2133573.7900,3575.2565,3649.0945,3475.7612,3532.9768,3548.4394,3355.7185,100967.0000,97030.0000,96353.0000
82,328,6.5,6.5,2246128.1550,2488725.8640,2272678.8030,2142779.3650,2175601.9030,2114713.7330,2091820.5870,2117331.3530,2089004.3850,2113601.2660,2130049.7150,3545.8271,3575.2565,3649.0945,3475.7612,3532.9768,3548.4394,101812.0000,100967.0000,97030.0000
78.75,315,6.5,6.5,2272720.1540,2246128.1550,2488725.8640,2272678.8030,2142779.3650,2175601.9030,2114713.7330,2091820.5870,2117331.3530,2089004.3850,2113601.2660,3417.4566,3545.8271,3575.2565,3649.0945,3475.7612,3532.9768,101135.0000,101812.0000,100967.0000
77.75,311,6.5,6.5,2415468.0040,2272720.1540,2246128.1550,2488725.8640,2272678.8030,2142779.3650,2175601.9030,2114713.7330,2091820.5870,2117331.3530,2089004.3850,3437.7927,3417.4566,3545.8271,3575.2565,3649.0945,3475.7612,104745.0000,101135.0000,101812.0000
68.75,275,6,6.5,2616428.2700,2415468.0040,2272720.1540,2246128.1550,2488725.8640,2272678.8030,2142779.3650,2175601.9030,2114713.7330,2091820.5870,2117331.3530,3535.1084,3437.7927,3417.4566,3545.8271,3575.2565,3649.0945,107220.0000,104745.0000,101135.0000
82.5,330,6,6,2800959.0240,2616428.2700,2415468.0040,2272720.1540,2246128.1550,2488725.8640,2272678.8030,2142779.3650,2175601.9030,2114713.7330,2091820.5870,3160.4181,3535.1084,3437.7927,3417.4566,3545.8271,3575.2565,108233.0000,107220.0000,104745.0000
89.25,357,5.5,6,2966913.9220,2800959.0240,2616428.2700,2415468.0040,2272720.1540,2246128.1550,2488725.8640,2272678.8030,2142779.3650,2175601.9030,2114713.7330,3223.4222,3160.4181,3535.1084,3437.7927,3417.4566,3545.8271,115645.0000,108233.0000,107220.0000
89.75,359,5,5.5,3029676.8020,2966913.9220,2800959.0240,2616428.2700,2415468.0040,2272720.1540,2246128.1550,2488725.8640,2272678.8030,2142779.3650,2175601.9030,3382.6950,3223.4222,3160.4181,3535.1084,3437.7927,3417.4566,113761.0000,115645.0000,108233.0000
98.75,395,5,5,3130235.7140,3029676.8020,2966913.9220,2800959.0240,2616428.2700,2415468.0040,2272720.1540,2246128.1550,2488725.8640,2272678.8030,2142779.3650,3576.9056,3382.6950,3223.4222,3160.4181,3535.1084,3437.7927,104172.0000,113761.0000,115645.0000
86.25,345,4.5,5,3233306.0640,3130235.7140,3029676.8020,2966913.9220,2800959.0240,2616428.2700,2415468.0040,2272720.1540,2246128.1550,2488725.8640,2272678.8030,3530.6478,3576.9056,3382.6950,3223.4222,3160.4181,3535.1084,73020.0000,104172.0000,113761.0000
75,300,4.5,4.5,3241505.5350,3233306.0640,3130235.7140,3029676.8020,2966913.9220,2800959.0240,2616428.2700,2415468.0040,2272720.1540,2246128.1550,2488725.8640,3569.5045,3530.6478,3576.9056,3382.6950,3223.4222,3160.4181,80506.0000,73020.0000,104172.0000
64.5,258,4.25,4.5,3319949.0140,3241505.5350,3233306.0640,3130235.7140,3029676.8020,2966913.9220,2800959.0240,2616428.2700,2415468.0040,2272720.1540,2246128.1550,3680.5964,3569.5045,3530.6478,3576.9056,3382.6950,3223.4222,87403.0000,80506.0000,73020.0000
61.5,246,3.75,4.25,3477853.6780,3319949.0140,3241505.5350,3233306.0640,3130235.7140,3029676.8020,2966913.9220,2800959.0240,2616428.2700,2415468.0040,2272720.1540,3695.4058,3680.5964,3569.5045,3530.6478,3576.9056,3382.6950,95056.0000,87403.0000,80506.0000
69,276,3.75,3.75,3201167.9940,3477853.6780,3319949.0140,3241505.5350,3233306.0640,3130235.7140,3029676.8020,2966913.9220,2800959.0240,2616428.2700,2415468.0040,3811.0009,3695.4058,3680.5964,3569.5045,3530.6478,3576.9056,102912.0000,95056.0000,87403.0000
71,284,3,3.75,3169839.1100,3201167.9940,3477853.6780,3319949.0140,3241505.5350,3233306.0640,3130235.7140,3029676.8020,2966913.9220,2800959.0240,2616428.2700,3668.9821,3811.0009,3695.4058,3680.5964,3569.5045,3530.6478,99369.0000,102912.0000,95056.0000
86.75,347,2.25,3,3182236.8600,3169839.1100,3201167.9940,3477853.6780,3319949.0140,3241505.5350,3233306.0640,3130235.7140,3029676.8020,2966913.9220,2800959.0240,3809.1933,3668.9821,3811.0009,3695.4058,3680.5964,3569.5045,94603.0000,99369.0000,102912.0000
86,344,2.25,2.25,3206855.8140,3182236.8600,3169839.1100,3201167.9940,3477853.6780,3319949.0140,3241505.5350,3233306.0640,3130235.7140,3029676.8020,2966913.9220,4125.7082,3809.1933,3668.9821,3811.0009,3695.4058,3680.5964,93952.0000,94603.0000,99369.0000
87.25,349,2,2.25,3212537.4520,3206855.8140,3182236.8600,3169839.1100,3201167.9940,3477853.6780,3319949.0140,3241505.5350,3233306.0640,3130235.7140,3029676.8020,3929.8661,4125.7082,3809.1933,3668.9821,3811.0009,3695.4058,108893.0000,93952.0000,94603.0000
94.75,379,2,2,3382828.4550,3212537.4520,3206855.8140,3182236.8600,3169839.1100,3201167.9940,3477853.6780,3319949.0140,3241505.5350,3233306.0640,3130235.7140,3862.8573,3929.8661,4125.7082,3809.1933,3668.9821,3811.0009,119017.0000,108893.0000,93952.0000
87.75,351,2,2,3413221.0730,3382828.4550,3212537.4520,3206855.8140,3182236.8600,3169839.1100,3201167.9940,3477853.6780,3319949.0140,3241505.5350,3233306.0640,3850.1420,3862.8573,3929.8661,4125.7082,3809.1933,3668.9821,115068.0000,119017.0000,108893.0000
92.25,369,2,2,3354594.2280,3413221.0730,3382828.4550,3212537.4520,3206855.8140,3182236.8600,3169839.1100,3201167.9940,3477853.6780,3319949.0140,3241505.5350,3991.3544,3850.1420,3862.8573,3929.8661,4125.7082,3809.1933,110035.0000,115068.0000,119017.0000
84,336,2,2,3295844.8340,3354594.2280,3413221.0730,3382828.4550,3212537.4520,3206855.8140,3182236.8600,3169839.1100,3201167.9940,3477853.6780,3319949.0140,3969.3185,3991.3544,3850.1420,3862.8573,3929.8661,4125.7082,116634.0000,110035.0000,115068.0000
71.75,287,2,2,3219344.0010,3295844.8340,3354594.2280,3413221.0730,3382828.4550,3212537.4520,3206855.8140,3182236.8600,3169839.1100,3201167.9940,3477853.6780,3906.9954,3969.3185,3991.3544,3850.1420,3862.8573,3929.8661,118894.0000,116634.0000,110035.0000
64.5,258,2,2,3225357.9280,3219344.0010,3295844.8340,3354594.2280,3413221.0730,3382828.4550,3212537.4520,3206855.8140,3182236.8600,3169839.1100,3201167.9940,3927.3415,3906.9954,3969.3185,3991.3544,3850.1420,3862.8573,126216.0000,118894.0000,116634.0000
55.25,221,2.75,2,3368666.3500,3225357.9280,3219344.0010,3295844.8340,3354594.2280,3413221.0730,3382828.4550,3212537.4520,3206855.8140,3182236.8600,3169839.1100,3992.6133,3927.3415,3906.9954,3969.3185,3991.3544,3850.1420,126802.0000,126216.0000,118894.0000
55.75,223,2.75,2.75,3083404.6680,3368666.3500,3225357.9280,3219344.0010,3295844.8340,3354594.2280,3413221.0730,3382828.4550,3212537.4520,3206855.8140,3182236.8600,4035.8989,3992.6133,3927.3415,3906.9954,3969.3185,3991.3544,121801.0000,126802.0000,126216.0000
64.5,258,3.5,2.75,3093171.6960,3083404.6680,3368666.3500,3225357.9280,3219344.0010,3295844.8340,3354594.2280,3413221.0730,3382828.4550,3212537.4520,3206855.8140,3715.5581,4035.8989,3992.6133,3927.3415,3906.9954,3969.3185,118781.0000,121801.0000,126802.0000
71.75,287,4.25,3.5,3058560.0540,3093171.6960,3083404.6680,3368666.3500,3225357.9280,3219344.0010,3295844.8340,3354594.2280,3413221.0730,3382828.4550,3212537.4520,3857.0346,3715.5581,4035.8989,3992.6133,3927.3415,3906.9954,110979.0000,118781.0000,121801.0000
73.25,293,4.25,4.25,3081753.0830,3058560.0540,3093171.6960,3083404.6680,3368666.3500,3225357.9280,3219344.0010,3295844.8340,3354594.2280,3413221.0730,3382828.4550,4255.1892,3857.0346,3715.5581,4035.8989,3992.6133,3927.3415,103501.0000,110979.0000,118781.0000
76.75,307,5.25,4.25,3034985.6340,3081753.0830,3058560.0540,3093171.6960,3083404.6680,3368666.3500,3225357.9280,3219344.0010,3295844.8340,3354594.2280,3413221.0730,4135.7725,4255.1892,3857.0346,3715.5581,4035.8989,3992.6133,101916.0000,103501.0000,110979.0000
83,332,6.25,5.25,3057266.3690,3034985.6340,3081753.0830,3058560.0540,3093171.6960,3083404.6680,3368666.3500,3225357.9280,3219344.0010,3295844.8340,3354594.2280,4157.4299,4135.7725,4255.1892,3857.0346,3715.5581,4035.8989,104822.0000,101916.0000,103501.0000
78.75,315,7.75,6.25,3039031.5260,3057266.3690,3034985.6340,3081753.0830,3058560.0540,3093171.6960,3083404.6680,3368666.3500,3225357.9280,3219344.0010,3295844.8340,4144.5305,4157.4299,4135.7725,4255.1892,3857.0346,3715.5581,112144.0000,104822.0000,101916.0000
79.5,318,7.75,7.75,3042425.9000,3039031.5260,3057266.3690,3034985.6340,3081753.0830,3058560.0540,3093171.6960,3083404.6680,3368666.3500,3225357.9280,3219344.0010,4293.6635,4144.5305,4157.4299,4135.7725,4255.1892,3857.0346,113142.0000,112144.0000,104822.0000
82.5,330,9.25,7.75,3064266.0830,3042425.9000,3039031.5260,3057266.3690,3034985.6340,3081753.0830,3058560.0540,3093171.6960,3083404.6680,3368666.3500,3225357.9280,4305.5734,4293.6635,4144.5305,4157.4299,4135.7725,4255.1892,119999.0000,113142.0000,112144.0000
69,276,9.25,9.25,2993820.0650,3064266.0830,3042425.9000,3039031.5260,3057266.3690,3034985.6340,3081753.0830,3058560.0540,3093171.6960,3083404.6680,3368666.3500,4226.4042,4305.5734,4293.6635,4144.5305,4157.4299,4135.7725,107876.0000,119999.0000,113142.0000
72.5,290,10.75,9.25,3049438.7270,2993820.0650,3064266.0830,3042425.9000,3039031.5260,3057266.3690,3034985.6340,3081753.0830,3058560.0540,3093171.6960,3083404.6680,4309.5811,4226.4042,4305.5734,4293.6635,4144.5305,4157.4299,111351.0000,107876.0000,119999.0000
76.25,305,11.75,10.75,3234976.4410,3049438.7270,2993820.0650,3064266.0830,3042425.9000,3039031.5260,3057266.3690,3034985.6340,3081753.0830,3058560.0540,3093171.6960,4318.4533,4309.5811,4226.4042,4305.5734,4293.6635,4144.5305,98542.0000,111351.0000,107876.0000
76.75,307,11.75,11.75,2975209.7470,3234976.4410,3049438.7270,2993820.0650,3064266.0830,3042425.9000,3039031.5260,3057266.3690,3034985.6340,3081753.0830,3058560.0540,4352.1896,4318.4533,4309.5811,4226.4042,4305.5734,4293.6635,103165.0000,98542.0000,111351.0000
86.5,346,12.75,11.75,2984186.5620,2975209.7470,3234976.4410,3049438.7270,2993820.0650,3064266.0830,3042425.9000,3039031.5260,3057266.3690,3034985.6340,3081753.0830,4020.1404,4352.1896,4318.4533,4309.5811,4226.4042,4305.5734,109523.0000,103165.0000,98542.0000
98.75,395,13.25,12.75,2976608.9390,2984186.5620,2975209.7470,3234976.4410,3049438.7270,2993820.0650,3064266.0830,3042425.9000,3039031.5260,3057266.3690,3034985.6340,4104.2751,4020.1404,4352.1896,4318.4533,4309.5811,4226.4042,110037.0000,109523.0000,103165.0000
97,388,13.25,13.25,2919046.3770,2976608.9390,2984186.5620,2975209.7470,3234976.4410,3049438.7270,2993820.0650,3064266.0830,3042425.9000,3039031.5260,3057266.3690,4595.2149,4104.2751,4020.1404,4352.1896,4318.4533,4309.5811,116037.0000,110037.0000,109523.0000